Dataset,Candidates,Max depth,Min samples,Window size,Remove candi,k,useValidationSet,% Training set,useClustering,NumCluster(Medoids),Accuracy,Time
BirdChicken,Discords,3,20,20,1,2,False,1,True,20,0.8,3.37
BirdChicken,Discords,3,20,15,1,2,False,1,True,20,0.55,3.18
BirdChicken,Discords,3,20,10,1,2,False,1,True,20,0.45,3.21
BirdChicken,Discords,3,20,25,1,2,False,1,True,20,0.6,3.51
BirdChicken,Discords,3,20,30,1,2,False,1,True,20,0.65,3.32
BirdChicken,Discords,3,20,20,1,2,False,1,True,20,0.8,3.35
BirdChicken,Motifs,3,20,20,1,2,False,1,True,20,0.7,3.17
BirdChicken,Discords,3,20,50,1,2,False,1,True,20,0.75,3.19
BirdChicken,Discords,3,20,100,1,2,False,1,True,20,0.6,3.22
BirdChicken,Discords,3,20,80,1,2,False,1,True,20,0.7,3.22
BirdChicken,Discords,3,20,60,1,2,False,1,True,20,0.55,3.2
BirdChicken,Discords,3,20,40,1,2,False,1,True,20,0.7,3.36
BirdChicken,Motifs,3,20,10,1,2,False,1,True,20,0.8,3.55
BirdChicken,Motifs,3,20,15,1,2,False,1,True,20,0.5,3.3
BirdChicken,Motifs,3,20,25,1,2,False,1,True,20,0.7,3.19
BirdChicken,Motifs,3,20,30,1,2,False,1,True,20,0.6,3.09
BirdChicken,Motifs,3,20,40,1,2,False,1,True,20,0.7,3.48
BirdChicken,Motifs,3,20,50,1,2,False,1,True,20,0.6,3.07
BirdChicken,Motifs,3,20,80,1,2,False,1,True,20,0.55,3.11
BirdChicken,Motifs,3,20,100,1,2,False,1,True,20,0.6,3.11
Coffee,Discords,3,20,20,1,2,False,1,True,20,0.93,3.59
FaceFour,Discords,3,20,20,1,2,False,1,True,20,0.24,48.98
FaceFour,Discords,3,20,50,1,2,False,1,True,20,0.3,3.76
FaceFour,Discords,3,20,50,1,2,False,1,True,20,0.3,3.83
FaceFour,Discords,3,20,60,1,2,False,1,True,20,0.3,4.09
FaceFour,Discords,3,20,80,1,2,False,1,True,20,0.3,3.92
FaceFour,Discords,3,20,100,1,2,False,1,True,20,0.27,4.34
FaceFour,Discords,3,20,150,1,2,False,1,True,20,0.3,4.6
FaceFour,Motifs,3,20,150,1,2,False,1,True,20,0.3,3.16
FaceFour,Motifs,3,10,150,1,2,False,1,True,20,0.75,3.58
FaceFour,Motifs,3,5,150,1,2,False,1,True,20,0.75,3.55
FaceFour,Motifs,3,5,100,1,2,False,1,True,20,0.68,3.64
FaceFour,Discords,3,5,100,1,2,False,1,True,20,0.62,5.2
FaceFour,Discords,3,5,150,1,2,False,1,True,20,0.68,5.5
FaceFour,Discords,3,5,80,1,2,False,1,True,20,0.77,4.71
FaceFour,Discords,3,5,70,1,2,False,1,True,20,0.88,5.33
FaceFour,Discords,3,10,70,1,2,False,1,True,20,0.88,5.26
FaceFour,Discords,3,15,70,1,2,False,1,True,20,0.67,4.85
FaceFour,Discords,3,10,70,1,2,False,1,True,20,0.88,5.33
MedicalImages,Discords,3,30,15,1,4,False,1,True,20,0.15,91.29
MedicalImages,Discords,3,20,20,1,2,False,1,True,20,0.21,92.56
MedicalImages,Discords,3,20,40,1,2,False,1,True,20,0.14,93.27
MedicalImages,Discords,3,20,50,1,2,False,1,True,20,0.04,122.39
MedicalImages,Discords,3,20,60,1,2,False,1,True,20,0.11,113.15
MedicalImages,Discords,3,20,70,1,2,False,1,True,20,0.13,107.3
MedicalImages,Discords,3,20,80,1,2,False,1,True,20,0.17,100.44
MedicalImages,Discords,3,20,90,1,2,False,1,True,20,0.15,97.84
MedicalImages,Motifs,3,20,40,1,2,False,1,True,20,0.11,82.98
MedicalImages,Motifs,3,20,50,1,2,False,1,True,20,0.13,114.67
MedicalImages,Motifs,3,20,60,1,2,False,1,True,20,0.23,104.78
MedicalImages,Motifs,3,20,70,1,2,False,1,True,20,0.24,94.4
MedicalImages,Motifs,3,20,80,1,2,False,1,True,20,0.2,86.95
MedicalImages,Discords,3,30,5,1,2,False,1,True,20,0.26,90.39
MedicalImages,Discords,3,30,15,1,2,False,1,True,20,0.27,92.7
MedicalImages,Discords,3,30,25,1,2,False,1,True,20,0.17,92.32
MedicalImages,Discords,3,30,35,1,2,False,1,True,20,0.17,97.49
MedicalImages,Discords,3,30,45,1,2,False,1,True,20,0.13,104.73
MedicalImages,Discords,3,10,5,1,4,False,1,True,20,0.22,89.25
MedicalImages,Discords,3,10,10,1,4,False,1,True,20,0.14,90.7
MedicalImages,Discords,3,10,15,1,4,False,1,True,20,0.15,91.13
MedicalImages,Discords,3,10,20,1,4,False,1,True,20,0.19,96.67
MedicalImages,Discords,3,10,25,1,4,False,1,True,20,0.19,107.1
MedicalImages,Motifs,3,10,5,1,4,False,1,True,20,0.16,84.71
MedicalImages,Motifs,3,10,10,1,4,False,1,True,20,0.13,87.2
MedicalImages,Motifs,3,10,15,1,4,False,1,True,20,0.23,88.02
MedicalImages,Motifs,3,10,20,1,4,False,1,True,20,0.3,89.36
MedicalImages,Motifs,3,10,25,1,4,False,1,True,20,0.19,88.03
MedicalImages,Motifs,3,5,20,1,2,False,1,True,20,0.16,83.66
OliveOil,Motifs,3,20,20,1,2,False,1,True,20,0.53,5.57
OliveOil,Motifs,3,20,30,1,2,False,1,True,20,0.63,5.57
OliveOil,Motifs,3,20,40,1,2,False,1,True,20,0.13,5.66
OliveOil,Motifs,3,20,50,1,2,False,1,True,20,0.13,5.76
OliveOil,Motifs,3,20,60,1,2,False,1,True,20,0.37,5.86
OliveOil,Motifs,3,20,70,1,2,False,1,True,20,0.3,6.08
OliveOil,Motifs,3,20,80,1,2,False,1,True,20,0.57,5.85
OliveOil,Motifs,3,20,80,1,2,False,1,True,20,0.57,5.81
OliveOil,Motifs,3,20,90,1,2,False,1,True,20,0.57,4.61
OliveOil,Motifs,3,20,100,1,2,False,1,True,20,0.23,4.55
OliveOil,Motifs,3,20,110,1,2,False,1,True,20,0.63,4.53
OliveOil,Motifs,3,20,120,1,2,False,1,True,20,0.67,4.56
OliveOil,Discords,3,20,10,1,2,False,1,True,20,0.63,5.48
OliveOil,Discords,3,20,20,1,2,False,1,True,20,0.13,5.5
OliveOil,Discords,3,20,30,1,2,False,1,True,20,0.63,5.58
OliveOil,Discords,3,20,40,1,2,False,1,True,20,0.57,5.59
OliveOil,Discords,3,20,50,1,2,False,1,True,20,0.37,5.7
OliveOil,Discords,3,20,100,1,2,False,1,True,20,0.33,6.03
OliveOil,Discords,3,20,110,1,2,False,1,True,20,0.33,6.4
OliveOil,Discords,3,20,120,1,2,False,1,True,20,0.63,6.11
OliveOil,Discords,3,20,130,1,2,False,1,True,20,0.67,6.11
OliveOil,Discords,3,20,140,1,2,False,1,True,20,0.67,6.2
OliveOil,Discords,3,40,120,1,2,False,1,True,20,0.63,6.13
OliveOil,Discords,3,40,130,1,2,False,1,True,20,0.67,6.11
OliveOil,Discords,3,40,140,1,2,False,1,True,20,0.67,6.17
OliveOil,Discords,3,40,150,1,2,False,1,True,20,0.67,6.27
OliveOil,Discords,3,40,160,1,2,False,1,True,20,0.67,6.29
OliveOil,Discords,3,40,170,1,2,False,1,True,20,0.67,6.37
OliveOil,Discords,3,40,180,1,2,False,1,True,20,0.67,6.39
OliveOil,Discords,3,40,190,1,2,False,1,True,20,0.67,6.52
OliveOil,Discords,3,40,200,1,2,False,1,True,20,0.67,6.57
OliveOil,Discords,3,40,210,1,2,False,1,True,20,0.5,6.59
OliveOil,Motifs,3,40,120,1,2,False,1,True,20,0.67,4.58
OliveOil,Motifs,3,40,130,1,2,False,1,True,20,0.6,4.58
OliveOil,Motifs,3,40,140,1,2,False,1,True,20,0.5,5.33
OliveOil,Motifs,3,40,150,1,2,False,1,True,20,0.53,6.16
OliveOil,Motifs,3,40,160,1,2,False,1,True,20,0.63,4.49
OliveOil,Motifs,3,40,170,1,2,False,1,True,20,0.63,4.46
OliveOil,Motifs,3,40,180,1,2,False,1,True,20,0.63,4.54
OliveOil,Motifs,3,40,190,1,2,False,1,True,20,0.5,6.35
OliveOil,Motifs,3,40,200,1,2,False,1,True,20,0.63,6.12
OliveOil,Motifs,3,40,210,1,2,False,1,True,20,0.5,4.4
OliveOil,Motifs,3,30,200,1,2,False,1,True,20,0.63,6.21
OliveOil,Motifs,3,30,210,1,2,False,1,True,20,0.5,4.51
OliveOil,Motifs,3,30,220,1,2,False,1,True,20,0.53,4.41
OliveOil,Motifs,3,30,230,1,2,False,1,True,20,0.53,4.43
OliveOil,Motifs,3,30,240,1,2,False,1,True,20,0.63,4.39
OliveOil,Motifs,3,30,250,1,2,False,1,True,20,0.63,4.36
OliveOil,Motifs,3,30,260,1,2,False,1,True,20,0.63,4.42
OliveOil,Motifs,3,30,270,1,2,False,1,True,20,0.63,4.34
OliveOil,Motifs,3,30,280,1,2,False,1,True,20,0.63,4.31
OliveOil,Motifs,3,30,290,1,2,False,1,True,20,0.53,54.89
OliveOil,Motifs,3,20,80,1,2,False,1,True,20,0.57,5.9
OliveOil,Motifs,3,20,90,1,2,False,1,True,20,0.57,4.6
OliveOil,Motifs,3,20,100,1,2,False,1,True,20,0.23,4.55
OliveOil,Motifs,3,20,110,1,2,False,1,True,20,0.63,4.58
OliveOil,Motifs,3,20,120,1,2,False,1,True,20,0.67,4.56
OliveOil,Motifs,3,20,130,1,2,False,1,True,20,0.6,4.53
OliveOil,Motifs,3,20,140,1,2,False,1,True,20,0.5,5.33
OliveOil,Motifs,3,20,150,1,2,False,1,True,20,0.53,6.17
OliveOil,Motifs,3,20,160,1,2,False,1,True,20,0.63,4.54
OliveOil,Motifs,3,20,170,1,2,False,1,True,20,0.63,4.51
OliveOil,Discords,3,20,80,1,2,False,1,True,20,0.4,5.87
OliveOil,Discords,3,20,90,1,2,False,1,True,20,0.4,5.88
OliveOil,Discords,3,20,100,1,2,False,1,True,20,0.33,5.91
OliveOil,Discords,3,20,110,1,2,False,1,True,20,0.33,6.01
OliveOil,Discords,3,20,120,1,2,False,1,True,20,0.63,6.07
OliveOil,Discords,3,20,130,1,2,False,1,True,20,0.67,6.13
OliveOil,Discords,3,20,140,1,2,False,1,True,20,0.67,6.29
OliveOil,Discords,3,20,150,1,2,False,1,True,20,0.67,6.32
OliveOil,Discords,3,20,160,1,2,False,1,True,20,0.67,6.35
OliveOil,Discords,3,20,170,1,2,False,1,True,20,0.67,6.37
Plane,Discords,3,20,20,1,2,False,1,True,20,0.85,24.63
Plane,Discords,3,20,30,1,2,False,1,True,20,0.89,24.57
Plane,Discords,3,20,40,1,2,False,1,True,20,0.98,24.68
Plane,Discords,3,20,50,1,2,False,1,True,20,0.91,25.14
Plane,Discords,3,20,60,1,2,False,1,True,20,0.97,25.84
Plane,Discords,3,20,70,1,2,False,1,True,20,0.93,26.3
Plane,Discords,3,20,80,1,2,False,1,True,20,0.9,39.13
Plane,Discords,3,20,90,1,2,False,1,True,20,0.87,36.48
Plane,Discords,3,20,100,1,2,False,1,True,20,0.91,34.75
Plane,Discords,3,20,110,1,2,False,1,True,20,0.9,32.85
Symbols,Discords,3,20,20,1,2,False,1,True,20,0.33,45.75
Symbols,Discords,3,20,30,1,2,False,1,True,20,0.33,4.44
Symbols,Discords,3,20,40,1,2,False,1,True,20,0.31,4.47
Symbols,Discords,3,20,50,1,2,False,1,True,20,0.33,4.54
Symbols,Discords,3,20,60,1,2,False,1,True,20,0.33,4.59
Symbols,Discords,3,20,70,1,2,False,1,True,20,0.33,4.7
Symbols,Discords,3,20,80,1,2,False,1,True,20,0.33,4.69
Symbols,Discords,3,20,90,1,2,False,1,True,20,0.33,4.76
Symbols,Discords,3,20,100,1,2,False,1,True,20,0.33,4.8
Symbols,Discords,3,20,110,1,2,False,1,True,20,0.33,4.87
Symbols,Discords,3,20,80,1,2,False,1,True,20,0.33,4.73
Symbols,Discords,3,20,90,1,2,False,1,True,20,0.33,4.78
Symbols,Discords,3,20,100,1,2,False,1,True,20,0.33,4.83
Symbols,Discords,3,20,110,1,2,False,1,True,20,0.33,4.9
Symbols,Discords,3,20,120,1,2,False,1,True,20,0.33,4.95
Symbols,Discords,3,20,130,1,2,False,1,True,20,0.33,5.05
Symbols,Discords,3,20,140,1,2,False,1,True,20,0.33,5.12
Symbols,Discords,3,20,150,1,2,False,1,True,20,0.33,5.11
Symbols,Discords,3,20,160,1,2,False,1,True,20,0.33,5.16
Symbols,Discords,3,20,170,1,2,False,1,True,20,0.32,5.25
Symbols,Discords,3,5,80,1,2,False,1,True,20,0.69,6.07
Symbols,Discords,3,5,90,1,2,False,1,True,20,0.59,6.12
Symbols,Discords,3,5,100,1,2,False,1,True,20,0.6,6.16
Symbols,Discords,3,5,110,1,2,False,1,True,20,0.62,6.22
Symbols,Discords,3,5,120,1,2,False,1,True,20,0.73,6.27
Symbols,Discords,3,5,130,1,2,False,1,True,20,0.68,6.37
Symbols,Discords,3,5,140,1,2,False,1,True,20,0.72,6.45
Symbols,Discords,3,5,150,1,2,False,1,True,20,0.72,6.54
Symbols,Discords,3,5,160,1,2,False,1,True,20,0.74,6.57
Symbols,Discords,3,5,170,1,2,False,1,True,20,0.51,6.63
Symbols,Motifs,3,5,90,1,2,False,1,True,20,0.64,5.12
Symbols,Motifs,3,5,100,1,2,False,1,True,20,0.76,4.9
Symbols,Motifs,3,5,110,1,2,False,1,True,20,0.73,4.79
Symbols,Motifs,3,5,120,1,2,False,1,True,20,0.83,4.63
Symbols,Motifs,3,5,130,1,2,False,1,True,20,0.87,4.59
Symbols,Motifs,3,5,140,1,2,False,1,True,20,0.75,4.48
Symbols,Motifs,3,5,150,1,2,False,1,True,20,0.71,4.42
Symbols,Motifs,3,5,160,1,2,False,1,True,20,0.69,4.22
Symbols,Motifs,3,5,170,1,2,False,1,True,20,0.63,4.26
Symbols,Motifs,3,5,180,1,2,False,1,True,20,0.68,4.22
Symbols,Motifs,3,10,130,1,2,False,1,True,20,0.44,4.6
Symbols,Motifs,3,5,130,1,2,False,1,True,20,0.87,4.6
Trace,Motifs,3,20,20,1,2,False,1,True,20,0.77,22.45
Trace,Motifs,3,20,30,1,2,False,1,True,20,0.83,23.07
Trace,Motifs,3,20,40,1,2,False,1,True,20,0.61,23.31
Trace,Motifs,3,20,50,1,2,False,1,True,20,0.76,22.11
Trace,Motifs,3,20,60,1,2,False,1,True,20,0.69,22.6
Trace,Motifs,3,20,70,1,2,False,1,True,20,0.73,23.08
Trace,Motifs,3,20,80,1,2,False,1,True,20,0.79,23.27
Trace,Motifs,3,20,90,1,2,False,1,True,20,0.81,23.61
Trace,Motifs,3,20,100,1,2,False,1,True,20,0.76,23.92
Trace,Motifs,3,20,110,1,2,False,1,True,20,0.65,23.3
Trace,Discords,3,20,20,1,2,False,1,True,20,0.98,20.66
Trace,Discords,3,20,30,1,2,False,1,True,20,0.97,22.38
Trace,Discords,3,20,40,1,2,False,1,True,20,0.94,23.27
Trace,Discords,3,20,50,1,2,False,1,True,20,0.93,26.89
Trace,Discords,3,20,60,1,2,False,1,True,20,0.95,26.53
Trace,Discords,3,20,70,1,2,False,1,True,20,0.98,25.18
Trace,Discords,3,20,80,1,2,False,1,True,20,0.99,27.41
Trace,Discords,3,20,90,1,2,False,1,True,20,0.95,26.26
Trace,Discords,3,20,100,1,2,False,1,True,20,0.99,26.32
Trace,Discords,3,20,110,1,2,False,1,True,20,0.95,25.91
TwoLeadECG,Discords,3,20,20,1,2,False,1,True,20,0.77,2.73
TwoLeadECG,Discords,3,20,30,1,2,False,1,True,20,0.92,2.57
TwoLeadECG,Discords,3,20,40,1,2,False,1,True,20,0.9,2.72
TwoLeadECG,Discords,3,20,50,1,2,False,1,True,20,0.91,3.3
TwoLeadECG,Discords,3,20,60,1,2,False,1,True,20,0.88,3.0
TwoLeadECG,Discords,3,20,70,1,2,False,1,True,20,0.69,2.59
TwoLeadECG,Discords,3,20,80,1,2,False,1,True,20,0.58,2.31
Wine,Discords,3,20,20,1,2,False,1,True,20,0.61,10.49
Wine,Discords,3,20,30,1,2,False,1,True,20,0.67,10.01
Wine,Discords,3,20,40,1,2,False,1,True,20,0.65,10.27
Wine,Discords,3,20,50,1,2,False,1,True,20,0.44,10.43
Wine,Discords,3,20,60,1,2,False,1,True,20,0.41,10.89
Wine,Discords,3,20,70,1,2,False,1,True,20,0.37,10.93
Wine,Discords,3,20,80,1,2,False,1,True,20,0.52,11.21
Wine,Discords,3,20,90,1,2,False,1,True,20,0.7,11.55
Wine,Discords,3,20,100,1,2,False,1,True,20,0.5,11.72
Wine,Discords,3,20,110,1,2,False,1,True,20,0.31,11.79
Wine,Motifs,3,20,20,1,2,False,1,True,20,0.57,9.19
Wine,Motifs,3,20,30,1,2,False,1,True,20,0.5,8.31
Wine,Motifs,3,20,40,1,2,False,1,True,20,0.54,10.3
Wine,Motifs,3,20,50,1,2,False,1,True,20,0.72,9.77
Wine,Motifs,3,20,60,1,2,False,1,True,20,0.72,10.7
Wine,Motifs,3,20,70,1,2,False,1,True,20,0.43,8.68
Wine,Motifs,3,20,80,1,2,False,1,True,20,0.57,7.99
Wine,Motifs,3,20,90,1,2,False,1,True,20,0.56,7.88
Wine,Motifs,3,20,100,1,2,False,1,True,20,0.54,8.4
Wine,Motifs,3,20,110,1,2,False,1,True,20,0.5,8.02
Wine,Motifs,3,10,20,1,2,False,1,True,20,0.57,9.4
Wine,Motifs,3,10,30,1,2,False,1,True,20,0.52,8.64
Wine,Motifs,3,10,40,1,2,False,1,True,20,0.5,11.35
Wine,Motifs,3,10,50,1,2,False,1,True,20,0.69,11.89
Wine,Motifs,3,10,60,1,2,False,1,True,20,0.7,11.76
Wine,Motifs,3,10,70,1,2,False,1,True,20,0.48,9.08
Wine,Motifs,3,10,80,1,2,False,1,True,20,0.57,9.17
Wine,Motifs,3,10,90,1,2,False,1,True,20,0.52,8.94
Wine,Motifs,3,10,100,1,2,False,1,True,20,0.54,9.0
Wine,Motifs,3,10,110,1,2,False,1,True,20,0.56,9.17
Wine,Discords,3,10,20,1,2,False,1,True,20,0.61,11.25
Wine,Discords,3,10,30,1,2,False,1,True,20,0.8,11.04
Wine,Discords,3,10,40,1,2,False,1,True,20,0.56,10.73
Wine,Discords,3,10,50,1,2,False,1,True,20,0.48,11.25
Wine,Discords,3,10,60,1,2,False,1,True,20,0.46,11.96
Wine,Discords,3,10,70,1,2,False,1,True,20,0.46,11.89
Wine,Discords,3,10,80,1,2,False,1,True,20,0.5,12.68
Wine,Discords,3,10,90,1,2,False,1,True,20,0.72,12.23
Wine,Discords,3,10,100,1,2,False,1,True,20,0.44,12.47
Wine,Discords,3,10,110,1,2,False,1,True,20,0.33,12.45
Adiac,Discords,3,20,40,1,2,False,1,True,20,0.03,109.49
Adiac,Discords,3,20,50,1,2,False,1,True,20,0.06,111.71
Adiac,Discords,3,20,60,1,2,False,1,True,20,0.02,113.52
Adiac,Discords,3,20,70,1,2,False,1,True,20,0.05,116.35
Adiac,Discords,3,20,80,1,2,False,1,True,20,0.06,118.41
Adiac,Discords,3,20,75,1,2,False,1,True,20,0.0,117.34
Adiac,Discords,3,30,15,1,2,False,1,True,20,0.02,103.85
Adiac,Motifs,3,5,5,1,2,False,1,True,20,0.01,101.25
Adiac,Motifs,3,5,15,1,2,False,1,True,20,0.03,103.23
Adiac,Motifs,3,5,25,1,2,False,1,True,20,0.04,105.94
Adiac,Motifs,3,5,35,1,2,False,1,True,20,0.04,108.6
Adiac,Motifs,3,5,45,1,2,False,1,True,20,0.04,111.61
Adiac,Motifs,3,5,55,1,2,False,1,True,20,0.01,113.21
Adiac,Motifs,3,5,65,1,2,False,1,True,20,0.03,103.6
Adiac,Motifs,3,5,75,1,2,False,1,True,20,0.02,104.49
Adiac,Motifs,3,5,85,1,2,False,1,True,20,0.06,106.06
Adiac,Motifs,3,5,90,1,3,False,1,True,20,0.04,192.16
Adiac,Motifs,3,5,100,1,3,False,1,True,20,0.01,174.59
Adiac,Motifs,3,5,110,1,3,False,1,True,20,0.01,160.81
Earthquakes,Discords,3,5,30,1,3,False,1,True,20,0.74,1541.25
Earthquakes,Discords,3,5,40,1,3,False,1,True,20,0.71,1482.12
Earthquakes,Discords,3,20,50,1,3,False,1,True,20,0.72,1365.01
Earthquakes,Discords,3,20,60,1,3,False,1,True,20,0.7,1291.74
Fish,Discords,3,20,30,1,3,False,1,True,20,0.34,55.36
Fish,Discords,3,20,40,1,3,False,1,True,20,0.37,57.82
Fish,Discords,3,20,50,1,3,False,1,True,20,0.51,58.88
Fish,Discords,3,20,60,1,3,False,1,True,20,0.41,60.25
Fish,Discords,3,20,70,1,3,False,1,True,20,0.25,61.66
Fish,Discords,3,20,80,1,3,False,1,True,20,0.41,63.97
Fish,Discords,3,20,90,1,3,False,1,True,20,0.47,65.19
Fish,Discords,3,20,100,1,3,False,1,True,20,0.41,69.51
Fish,Discords,3,20,110,1,3,False,1,True,20,0.49,69.47
Fish,Discords,3,20,120,1,3,False,1,True,20,0.23,74.26
Fish,Discords,3,20,180,1,3,False,1,True,20,0.53,80.21
Fish,Discords,3,20,190,1,3,False,1,True,20,0.47,80.4
Fish,Discords,3,20,200,1,3,False,1,True,20,0.53,84.22
Fish,Discords,3,20,210,1,3,False,1,True,20,0.32,83.37
Fish,Discords,3,20,220,1,3,False,1,True,20,0.49,91.0
Fish,Discords,3,20,230,1,3,False,1,True,20,0.36,88.49
Fish,Discords,3,20,240,1,3,False,1,True,20,0.49,290.81
Fish,Discords,3,20,250,1,3,False,1,True,20,0.43,278.4
Fish,Discords,3,20,260,1,3,False,1,True,20,0.56,263.71
Fish,Discords,3,20,270,1,3,False,1,True,20,0.55,250.31
Fish,Motifs,3,20,180,1,2,False,1,True,20,0.46,54.16
Fish,Motifs,3,20,190,1,2,False,1,True,20,0.5,55.24
Fish,Motifs,3,20,200,1,2,False,1,True,20,0.45,56.06
Fish,Motifs,3,20,210,1,2,False,1,True,20,0.41,55.89
Fish,Motifs,3,20,220,1,2,False,1,True,20,0.39,56.53
Fish,Motifs,3,20,230,1,2,False,1,True,20,0.45,54.13
Fish,Motifs,3,20,240,1,2,False,1,True,20,0.55,261.74
Fish,Motifs,3,20,250,1,2,False,1,True,20,0.46,247.84
Fish,Motifs,3,20,260,1,2,False,1,True,20,0.52,229.39
Fish,Motifs,3,20,270,1,2,False,1,True,20,0.53,211.5
Fish,Motifs,3,40,10,1,2,False,1,True,20,0.23,47.26
Fish,Motifs,3,40,20,1,2,False,1,True,20,0.25,49.12
Fish,Motifs,3,40,30,1,2,False,1,True,20,0.27,48.83
Fish,Motifs,3,40,40,1,2,False,1,True,20,0.2,49.29
Fish,Motifs,3,40,50,1,2,False,1,True,20,0.22,50.72
Fish,Motifs,3,40,60,1,2,False,1,True,20,0.36,52.65
Fish,Motifs,3,40,70,1,2,False,1,True,20,0.26,51.99
Fish,Motifs,3,40,80,1,2,False,1,True,20,0.54,55.82
Fish,Motifs,3,40,90,1,2,False,1,True,20,0.21,55.0
Fish,Motifs,3,40,100,1,2,False,1,True,20,0.39,57.81
Fish,Motifs,3,40,300,1,2,False,1,True,20,0.39,167.31
Fish,Motifs,3,40,310,1,2,False,1,True,20,0.35,158.01
Fish,Motifs,3,40,320,1,2,False,1,True,20,0.46,152.09
Fish,Motifs,3,40,330,1,2,False,1,True,20,0.33,143.44
Fish,Motifs,3,40,340,1,2,False,1,True,20,0.44,121.69
Fish,Motifs,3,40,350,1,2,False,1,True,20,0.4,113.15
Fish,Motifs,3,40,360,1,2,False,1,True,20,0.53,116.71
Fish,Motifs,3,40,370,1,2,False,1,True,20,0.42,96.59
Fish,Motifs,3,40,380,1,2,False,1,True,20,0.17,90.84
Fish,Motifs,3,40,390,1,2,False,1,True,20,0.38,80.33
Strawberry,Discords,3,20,20,1,2,False,1,True,20,0.87,125.16
Strawberry,Discords,3,20,30,1,2,False,1,True,20,0.91,129.1
Strawberry,Discords,3,20,40,1,2,False,1,True,20,0.85,129.84
Strawberry,Discords,3,20,50,1,2,False,1,True,20,0.85,137.21
Strawberry,Discords,3,20,60,1,2,False,1,True,20,0.8,130.72
Strawberry,Discords,3,20,70,1,2,False,1,True,20,0.84,142.26
Strawberry,Discords,3,20,80,1,2,False,1,True,20,0.87,145.22
Strawberry,Discords,3,20,90,1,2,False,1,True,20,0.85,150.47
Strawberry,Discords,3,20,100,1,2,False,1,True,20,0.81,146.81
Strawberry,Discords,3,20,110,1,2,False,1,True,20,0.78,158.44
Wafer,Discords,3,20,20,1,2,False,1,True,20,0.94,603.0
Wafer,Discords,3,20,30,1,2,False,1,True,20,0.93,584.63
WordSynonyms,Discords,3,20,20,1,2,False,1,True,20,0.03,72.19
WordSynonyms,Discords,3,20,30,1,2,False,1,True,20,0.03,74.26
WordSynonyms,Discords,3,20,40,1,2,False,1,True,20,0.04,75.53
WordSynonyms,Discords,3,20,50,1,2,False,1,True,20,0.05,76.24
WordSynonyms,Discords,3,20,60,1,2,False,1,True,20,0.01,78.97
WordSynonyms,Discords,3,20,160,1,2,False,1,True,20,0.02,180.11
WordSynonyms,Discords,3,10,120,1,2,False,1,True,20,0.09,87.65
WordSynonyms,Discords,3,10,130,1,2,False,1,True,20,0.03,91.1
WordSynonyms,Discords,3,10,140,1,2,False,1,True,20,0.01,206.8
WordSynonyms,Discords,3,10,150,1,2,False,1,True,20,0.03,192.68
WordSynonyms,Discords,3,10,160,1,2,False,1,True,20,0.02,180.38
WordSynonyms,Discords,3,10,170,1,2,False,1,True,20,0.05,170.37
WordSynonyms,Discords,3,10,180,1,2,False,1,True,20,0.03,167.57
WordSynonyms,Discords,3,10,190,1,2,False,1,True,20,0.03,147.59
WordSynonyms,Discords,3,10,200,1,2,False,1,True,20,0.1,138.41
WordSynonyms,Discords,3,10,210,1,2,False,1,True,20,0.07,131.06
WordSynonyms,Discords,5,5,120,1,2,False,1,True,20,0.09,124.11
WordSynonyms,Discords,5,5,130,1,2,False,1,True,20,0.15,126.23
WordSynonyms,Discords,5,5,140,1,2,False,1,True,20,0.17,258.39
WordSynonyms,Discords,5,5,150,1,2,False,1,True,20,0.21,248.11
WordSynonyms,Discords,5,5,160,1,2,False,1,True,20,0.13,235.32
WordSynonyms,Discords,5,5,170,1,2,False,1,True,20,0.07,219.61
WordSynonyms,Discords,5,5,180,1,2,False,1,True,20,0.2,209.07
WordSynonyms,Discords,5,5,190,1,2,False,1,True,20,0.14,198.23
WordSynonyms,Discords,5,5,200,1,2,False,1,True,20,0.12,195.3
WordSynonyms,Motifs,5,5,20,1,2,False,1,True,20,0.04,106.8
WordSynonyms,Motifs,5,5,100,1,2,False,1,True,20,0.06,105.17
WordSynonyms,Motifs,5,5,110,1,2,False,1,True,20,0.05,103.8
WordSynonyms,Motifs,5,5,120,1,2,False,1,True,20,0.11,100.54
WordSynonyms,Motifs,5,5,130,1,2,False,1,True,20,0.09,99.9
WordSynonyms,Motifs,5,5,140,1,2,False,1,True,20,0.18,249.8
WordSynonyms,Motifs,5,5,150,1,2,False,1,True,20,0.13,235.2
Worms,Discords,3,20,20,1,2,False,1,True,20,0.21,60.93
Worms,Discords,3,20,30,1,2,False,1,True,20,0.19,62.28
Worms,Discords,3,20,60,1,2,False,1,True,20,0.12,64.48
Worms,Discords,3,20,90,1,2,False,1,True,20,0.25,69.3
Worms,Discords,3,20,120,1,2,False,1,True,20,0.32,71.33
Worms,Discords,3,20,150,1,2,False,1,True,20,0.27,73.14
Worms,Discords,3,20,180,1,2,False,1,True,20,0.35,76.66
Worms,Discords,3,20,210,1,2,False,1,True,20,0.29,78.89
Worms,Discords,3,20,240,1,2,False,1,True,20,0.35,83.07
Worms,Discords,3,20,270,1,2,False,1,True,20,0.32,86.24
Worms,Discords,3,20,300,1,2,False,1,True,20,0.38,89.04
Worms,Discords,3,20,300,1,2,False,1,True,20,0.38,88.91
Worms,Discords,3,20,300,1,2,False,1,True,20,0.38,89.19
Worms,Discords,3,20,350,1,2,False,1,True,20,0.39,92.57
Worms,Discords,3,20,400,1,2,False,1,True,20,0.31,99.87
Worms,Discords,3,20,450,1,2,False,1,True,20,0.25,872.4
Worms,Discords,3,20,500,1,2,False,1,True,20,0.31,729.19
Worms,Discords,3,20,550,1,2,False,1,True,20,0.32,641.88
Worms,Discords,3,20,600,1,2,False,1,True,20,0.17,520.73
Worms,Motifs,3,20,20,1,2,False,1,True,20,0.38,60.6
Worms,Motifs,3,20,70,1,2,False,1,True,20,0.18,64.93
Worms,Motifs,3,20,120,1,2,False,1,True,20,0.44,68.58
Worms,Motifs,3,20,170,1,2,False,1,True,20,0.39,72.66
Worms,Motifs,3,20,220,1,2,False,1,True,20,0.26,75.71
Worms,Motifs,3,20,270,1,2,False,1,True,20,0.47,76.29
Worms,Motifs,3,20,320,1,2,False,1,True,20,0.26,70.74
Worms,Motifs,3,20,370,1,2,False,1,True,20,0.36,70.11
Worms,Motifs,3,20,420,1,2,False,1,True,20,0.29,73.42
Worms,Motifs,3,20,470,1,2,False,1,True,20,0.26,809.11
Worms,Motifs,3,20,400,1,2,False,1,True,20,0.31,72.33
Worms,Motifs,3,20,450,1,2,False,1,True,20,0.32,855.13
Worms,Motifs,3,20,500,1,2,False,1,True,20,0.27,706.83
Worms,Motifs,3,20,550,1,2,False,1,True,20,0.3,613.12
Worms,Motifs,3,20,600,1,2,False,1,True,20,0.17,456.17
Worms,Motifs,3,20,650,1,2,False,1,True,20,0.26,354.56
Worms,Motifs,3,20,700,1,2,False,1,True,20,0.25,267.09
Worms,Motifs,3,20,750,1,2,False,1,True,20,0.17,193.25
Worms,Motifs,4,10,750,1,2,False,1,True,20,0.36,208.44
Worms,Motifs,4,10,800,1,2,False,1,True,20,0.31,148.82
WormsTwoClass,Discords,4,10,20,1,2,False,1,True,20,0.6,69.58
WormsTwoClass,Discords,4,10,70,1,2,False,1,True,20,0.71,71.12
WormsTwoClass,Discords,4,10,120,1,2,False,1,True,20,0.7,79.57
WormsTwoClass,Discords,4,10,170,1,2,False,1,True,20,0.69,84.35
WormsTwoClass,Discords,4,10,220,1,2,False,1,True,20,0.68,90.95
WormsTwoClass,Discords,4,10,270,1,2,False,1,True,20,0.58,98.33
WormsTwoClass,Discords,4,10,320,1,2,False,1,True,20,0.57,106.97
WormsTwoClass,Discords,4,10,370,1,2,False,1,True,20,0.71,113.17
WormsTwoClass,Discords,4,10,420,1,2,False,1,True,20,0.65,120.15
WormsTwoClass,Discords,3,20,20,1,2,False,1,True,20,0.68,60.5
WormsTwoClass,Discords,3,20,70,1,2,False,1,True,20,0.66,64.87
WormsTwoClass,Discords,3,20,120,1,2,False,1,True,20,0.71,70.59
WormsTwoClass,Discords,3,20,170,1,2,False,1,True,20,0.69,75.86
WormsTwoClass,Discords,3,20,220,1,2,False,1,True,20,0.68,80.63
WormsTwoClass,Discords,3,20,270,1,2,False,1,True,20,0.58,85.84
WormsTwoClass,Discords,3,20,320,1,2,False,1,True,20,0.69,91.53
WormsTwoClass,Discords,3,20,370,1,2,False,1,True,20,0.61,93.97
WormsTwoClass,Discords,3,20,420,1,2,False,1,True,20,0.66,101.21
WormsTwoClass,Discords,3,20,470,1,2,False,1,True,20,0.65,814.12
WormsTwoClass,Motifs,3,20,20,1,2,False,1,True,20,0.74,61.2
WormsTwoClass,Motifs,3,20,70,1,2,False,1,True,20,0.75,64.75
WormsTwoClass,Motifs,3,20,120,1,2,False,1,True,20,0.65,68.96
WormsTwoClass,Motifs,3,20,170,1,2,False,1,True,20,0.66,71.46
WormsTwoClass,Motifs,3,20,220,1,2,False,1,True,20,0.61,76.12
WormsTwoClass,Motifs,3,20,270,1,2,False,1,True,20,0.74,82.83
WormsTwoClass,Motifs,3,20,320,1,2,False,1,True,20,0.66,77.14
WormsTwoClass,Motifs,3,20,370,1,2,False,1,True,20,0.6,72.49
WormsTwoClass,Motifs,3,20,420,1,2,False,1,True,20,0.64,72.63
WormsTwoClass,Motifs,3,20,470,1,2,False,1,True,20,0.58,815.39
WormsTwoClass,Discords,3,20,90,1,2,False,1,True,20,0.79,68.18
WormsTwoClass,Discords,3,20,100,1,2,False,1,True,20,0.73,68.32
WormsTwoClass,Discords,3,20,110,1,2,False,1,True,20,0.65,69.92
WormsTwoClass,Discords,3,20,120,1,2,False,1,True,20,0.71,69.98
WormsTwoClass,Discords,3,20,130,1,2,False,1,True,20,0.71,70.36
WormsTwoClass,Discords,3,20,140,1,2,False,1,True,20,0.65,72.34
WormsTwoClass,Motifs,3,20,240,1,2,False,1,True,20,0.64,75.83
WormsTwoClass,Motifs,3,20,250,1,2,False,1,True,20,0.53,74.25
WormsTwoClass,Motifs,3,20,260,1,2,False,1,True,20,0.6,79.34
WormsTwoClass,Motifs,3,20,270,1,2,False,1,True,20,0.74,77.86
WormsTwoClass,Motifs,3,20,280,1,2,False,1,True,20,0.61,78.21
WormsTwoClass,Motifs,3,20,290,1,2,False,1,True,20,0.65,71.94
Yoga,Discords,3,20,20,1,2,False,1,True,20,0.56,84.07
Yoga,Discords,3,20,30,1,2,False,1,True,20,0.62,86.22
Yoga,Discords,3,20,40,1,2,False,1,True,20,0.59,87.18
Yoga,Discords,3,20,50,1,2,False,1,True,20,0.61,87.09
Yoga,Discords,3,20,60,1,2,False,1,True,20,0.59,85.37
Yoga,Discords,3,20,70,1,2,False,1,True,20,0.62,88.01
Yoga,Discords,3,20,80,1,2,False,1,True,20,0.63,88.96
Yoga,Discords,3,20,90,1,2,False,1,True,20,0.63,92.04
Yoga,Motifs,3,20,20,1,2,False,1,True,20,0.56,82.33
Yoga,Motifs,3,20,30,1,2,False,1,True,20,0.59,84.32
Yoga,Motifs,3,20,40,1,2,False,1,True,20,0.62,85.81
Yoga,Motifs,3,20,50,1,2,False,1,True,20,0.57,81.72
Yoga,Motifs,3,20,60,1,2,False,1,True,20,0.61,84.45
Yoga,Motifs,3,20,70,1,2,False,1,True,20,0.6,84.21
Yoga,Motifs,3,20,80,1,2,False,1,True,20,0.59,88.74
Yoga,Motifs,3,20,90,1,2,False,1,True,20,0.63,87.79
Yoga,Discords,3,20,120,1,2,False,1,True,20,0.62,96.12
Yoga,Discords,3,20,170,1,2,False,1,True,20,0.62,104.52
Yoga,Discords,3,20,220,1,2,False,1,True,20,0.73,416.39
Yoga,Discords,3,20,270,1,2,False,1,True,20,0.63,307.66
Yoga,Discords,3,20,320,1,2,False,1,True,20,0.62,223.29
Yoga,Discords,3,20,370,1,2,False,1,True,20,0.61,166.21
Yoga,Discords,3,20,420,1,2,False,1,True,20,0.6,134.72
Yoga,Discords,3,20,180,1,2,False,1,True,20,0.57,106.68
Yoga,Discords,3,20,190,1,2,False,1,True,20,0.63,108.75
Yoga,Discords,3,20,200,1,2,False,1,True,20,0.64,112.53
Yoga,Discords,3,20,210,1,2,False,1,True,20,0.61,112.61
Yoga,Discords,3,20,220,1,2,False,1,True,20,0.73,417.53
Yoga,Discords,3,20,230,1,2,False,1,True,20,0.67,386.11
Yoga,Discords,3,20,200,1,2,False,1,True,20,0.64,113.6
Yoga,Discords,3,20,210,1,2,False,1,True,20,0.61,115.49
Yoga,Discords,3,20,220,1,2,False,1,True,20,0.73,429.29
Yoga,Discords,3,20,230,1,2,False,1,True,20,0.67,418.12
Yoga,Discords,3,20,240,1,2,False,1,True,20,0.6,386.55
Yoga,Discords,3,20,250,1,2,False,1,True,20,0.65,358.42
Yoga,Discords,3,20,260,1,2,False,1,True,20,0.67,324.22
Yoga,Discords,3,20,270,1,2,False,1,True,20,0.63,307.53
Yoga,Discords,3,20,280,1,2,False,1,True,20,0.65,287.33
Yoga,Motifs,3,20,200,1,2,False,1,True,20,0.67,88.91
Yoga,Motifs,3,20,210,1,2,False,1,True,20,0.73,88.73
Yoga,Motifs,3,20,220,1,2,False,1,True,20,0.64,423.06
Yoga,Motifs,3,20,230,1,2,False,1,True,20,0.66,389.22
